-- Заполнение таблицы Users

INSERT INTO `users` (`id`,`firstname`,`lastname`,`email`,`password_hash`,`phone`) VALUES (1,"Scarlet","Patterson","lacinia.mattis@gravidamauris.net","TON75LDY6BV",79388828635),(2,"Olga","Jacobson","non.feugiat@Vivamus.com","UAI51ILI8BS",79281328710),(3,"Cleo","Huffman","dictum.ultricies.ligula@ultriciesligula.co.uk","NHA20UEP4MF",79407488693),(4,"Mannix","Richards","metus.Vivamus.euismod@variusorci.org","UML14KRU3DJ",79975081939),(5,"Ronan","Dean","scelerisque.neque@felisullamcorperviverra.org","RPU04WBN9CF",79330511487),(6,"Lareina","David","scelerisque@velitPellentesqueultricies.co.uk","YZZ14BZJ9BG",79799075598),(7,"Chava","Mejia","Sed.neque.Sed@nullaDonec.com","QFS07UKS9LI",79993968427),(8,"Kim","Castaneda","lectus.a@actellusSuspendisse.ca","JMT02DPE8KR",79226779852),(9,"Quinn","Simmons","sit.amet@malesuada.com","ZFQ89ETV0XB",79963014551),(10,"Beck","Figueroa","elit.pretium@diameu.ca","HTD09GUE6MU",79721159159);
INSERT INTO `users` (`id`,`firstname`,`lastname`,`email`,`password_hash`,`phone`) VALUES (11,"Hedda","Burt","risus.varius@dui.com","ENB65WPJ4KX",79420058718),(12,"Jasmine","Holloway","ipsum.primis.in@Aliquam.edu","UTC22XVY0QV",79771571896),(13,"Phoebe","Reed","laoreet@elementumpurusaccumsan.ca","FUQ84RLY1SW",79867231667),(14,"Hedwig","Mcconnell","Aliquam@sociisnatoque.net","NJP15DSH7RL",79738202412),(15,"Amir","Gay","eu@pede.net","QMO06TJB6JJ",79534749342),(16,"Ashely","Stark","ipsum@risusMorbi.ca","OYV87HRN4RP",79481195876),(17,"Leandra","Rowland","commodo.auctor@enim.com","TBS61QYH0OD",79403581103),(18,"Tate","Sharp","erat.Vivamus.nisi@Donectincidunt.edu","LGZ34YMA4UU",79523099670),(19,"Aileen","Rosales","in.faucibus.orci@Quisqueornaretortor.co.uk","QLQ86MUR8AM",79959517498),(20,"Tiger","York","nisl.arcu.iaculis@quamvelsapien.org","NGM67UOB6RI",79991223456);
INSERT INTO `users` (`id`,`firstname`,`lastname`,`email`,`password_hash`,`phone`) VALUES (21,"Latifah","Mullins","hendrerit.id.ante@in.edu","KOK01TOC2BP",79051524815),(22,"Dalton","Adams","pharetra@purusac.co.uk","LMX28MVY7JE",79488973806),(23,"Blaine","Nolan","sed@acrisus.ca","HOY02BCD0OL",79583178824),(24,"Margaret","Frederick","urna.nec.luctus@Morbi.edu","KPJ26BMC8YI",79097200716),(25,"Callie","Craig","tortor@CuraeDonectincidunt.com","LWN24KAB6TP",79747689542),(26,"Oscar","Crane","dui.semper@eleifend.org","NAH40FQT1RA",79702317167),(27,"Erasmus","Park","ultricies@Sed.org","WRH26QFY2NX",79578432766),(28,"Isaac","Jackson","Cras.vulputate@pedeSuspendisse.org","CMG06LZR3GA",79710834797),(29,"Martha","Chavez","velit.eget.laoreet@Namtempor.net","WAI94NHD4CG",79898724555),(30,"Moana","Chandler","Cras.sed@ipsum.co.uk","CRK52DQN2FH",79445343001);
INSERT INTO `users` (`id`,`firstname`,`lastname`,`email`,`password_hash`,`phone`) VALUES (31,"Fatima","Maldonado","enim.Etiam.imperdiet@Ut.com","WCL50WKR4GY",79373041042),(32,"Kirsten","Collins","Quisque@Cras.org","RLL61HJV1OM",79161332863),(33,"Ferdinand","Mcpherson","cursus.Nunc@felisNullatempor.com","EFW26NTR7FA",79886541514),(34,"Avye","Bender","Aliquam.gravida.mauris@acmattis.org","YFK62XUP7ZN",79608237372),(35,"Imelda","Leon","eget.ipsum.Suspendisse@fringilla.co.uk","QAM71VAB0HJ",79648516065),(36,"Clark","French","natoque.penatibus.et@laciniaSed.com","ZVI06FAJ6QF",79358313942),(37,"Selma","Page","volutpat.Nulla.facilisis@velfaucibus.edu","ZIV62QOP3NW",79786730489),(38,"Martena","Waters","ac.mattis@risus.net","ORO54AJM5UE",79345630780),(39,"Odysseus","Mcneil","dapibus.gravida@ligula.ca","PWA86QMQ9ET",79356965339),(40,"Candace","Valentine","eget.dictum@nullaIntincidunt.org","ZWF93VBF3DL",79364857024);
INSERT INTO `users` (`id`,`firstname`,`lastname`,`email`,`password_hash`,`phone`) VALUES (41,"Abel","Woodward","adipiscing.Mauris@diamlorem.com","HKY41WKC2FS",79215999277),(42,"Briar","Jimenez","eu.elit.Nulla@eget.ca","LTY30UHX9QV",79029025519),(43,"Cameran","Trevino","a@sollicitudin.ca","EAY56CUD7NN",79713894757),(44,"Brendan","Doyle","congue.turpis.In@placerataugueSed.com","LAM58PMC4GC",79521070813),(45,"Herman","Villarreal","augue.porttitor@massaMaurisvestibulum.net","EMN22QNI9ZE",79229938027),(46,"Madaline","Moss","scelerisque.mollis.Phasellus@ornaretortorat.net","XAV01SNL0TJ",79981433760),(47,"Vaughan","Church","Pellentesque.ultricies@sit.edu","EYN71RKW0KC",79502152868),(48,"Amethyst","Klein","fermentum.vel@ligulaAliquamerat.org","XJQ53XPZ1IA",79353860111),(49,"Winifred","Hansen","adipiscing.non@nullaIntegervulputate.edu","SPO00RPM9SS",79547131963),(50,"Nero","Petty","mauris.elit.dictum@Duisrisusodio.org","JTZ04LEY4XY",79560989793);
INSERT INTO `users` (`id`,`firstname`,`lastname`,`email`,`password_hash`,`phone`) VALUES (51,"McKenzie","Crawford","nec.diam.Duis@egetvarius.net","FIP05OZV4WE",79881824189),(52,"Eric","Navarro","nisi.Cum.sociis@arcueu.net","JIG56CLV2ES",79706956929),(53,"Preston","Caldwell","arcu.Vestibulum.ut@loremtristique.co.uk","DCU68SAC0YB",79969551484),(54,"Halee","Kirk","Quisque.porttitor.eros@enim.org","GMG54QDQ2CO",79289309944),(55,"Neil","Watson","est@consequatdolorvitae.edu","SVJ43SRX3KS",79746387445),(56,"Kerry","Goff","orci@egetipsum.com","SHL21NCZ9QN",79759264460),(57,"Demetria","Cummings","ultricies.sem.magna@scelerisque.edu","OCZ82LVX3MS",79111935599),(58,"Hedley","Spence","lorem.luctus@acfacilisisfacilisis.ca","HEQ33NAX1JO",79378257461),(59,"Evan","Dickson","id@diamat.co.uk","FHX38EZQ7AV",79157704270),(60,"Mechelle","Irwin","sem.molestie.sodales@leo.com","GSL43DND1MS",79705975854);
INSERT INTO `users` (`id`,`firstname`,`lastname`,`email`,`password_hash`,`phone`) VALUES (61,"Nigel","Curtis","dictum.Proin@dolor.ca","HUC66UIL8PS",79383833860),(62,"John","Bowen","lectus.Cum@montes.ca","UTU85MZP9IN",79479073239),(63,"Carla","Mccarty","nisi@lectusasollicitudin.edu","JNW18AVY5YV",79636874250),(64,"Octavius","Frank","eleifend.non.dapibus@Donecluctusaliquet.org","XCZ96AMO5BV",79868054635),(65,"Alana","Rowe","aliquet.magna.a@idnuncinterdum.org","CRB94OUV2WC",79015787505),(66,"Beck","Roach","adipiscing.enim.mi@lacus.net","HKP26DJE3GW",79701447758),(67,"Ursula","Greene","est.tempor.bibendum@augueeu.edu","CEG26XAE5NS",79039032079),(68,"Inez","Tillman","ligula.Aenean@Donec.edu","UHG68ZFF2AT",79650332767),(69,"Sopoline","Clements","tellus@Innecorci.org","PYY04URV7TF",79869349682),(70,"Sandra","Whitehead","facilisis.magna@Quisquefringilla.edu","LEE13RSG6RQ",79536683608);
INSERT INTO `users` (`id`,`firstname`,`lastname`,`email`,`password_hash`,`phone`) VALUES (71,"Leandra","Peck","adipiscing.ligula.Aenean@Curae.edu","IHI42QRU7MA",79849748145),(72,"Blossom","Wynn","Cum.sociis@a.edu","TFR63ZZT3JC",79133765562),(73,"Giacomo","Townsend","lorem.Donec@utpellentesque.co.uk","YHY94QKL1EU",79097455200),(74,"Lee","Robinson","dis.parturient.montes@rhoncus.ca","ROD56QAK3MX",79176492896),(75,"Colorado","Puckett","fringilla.est@quamPellentesque.org","SPL83OZG1KB",79778078458),(76,"Piper","Beasley","eleifend.non.dapibus@fringilla.com","FDF19IUG5MK",79256582584),(77,"April","Hensley","risus@vitae.edu","FHC78LKO4FE",79643333429),(78,"Zane","Osborn","Maecenas@sitametfaucibus.net","PPB04SPZ2GH",79707815341),(79,"Genevieve","Love","nibh@variusNamporttitor.ca","MZN83LJV4AK",79606537146),(80,"Georgia","Frye","egestas.rhoncus@QuisquevariusNam.net","VKV84XLL5GF",79004144492);
INSERT INTO `users` (`id`,`firstname`,`lastname`,`email`,`password_hash`,`phone`) VALUES (81,"Miranda","Richard","Vivamus.euismod@Loremipsumdolor.edu","DVW66AVB6VC",79977665449),(82,"Quinlan","Durham","massa.non.ante@vitaesodales.edu","VNR32JTX6PV",79926160475),(83,"Geraldine","Goff","ipsum.primis.in@erosNam.net","CXL80YYQ2ZO",79495048675),(84,"Nyssa","Walsh","orci.adipiscing.non@loremvitaeodio.edu","NVH83YDS3BF",79182294612),(85,"Kyla","Erickson","lobortis.quis.pede@Quisque.edu","ITJ66VMW1MB",79069153609),(86,"Dacey","Mcgowan","nibh.enim@pharetra.org","STF63TAC5OC",79334410094),(87,"Shana","Vincent","pede@scelerisque.com","GJZ42QTV2HR",79265906656),(88,"Rigel","Bird","nisi.Aenean@justo.edu","TME01SNZ5QA",79157877925),(89,"Ayanna","Richardson","Fusce.mi@consectetueradipiscingelit.edu","ABY13MBY6ZN",79533766812),(90,"Grace","Weeks","faucibus@amet.edu","VAN59QLO6OK",79983848883);
INSERT INTO `users` (`id`,`firstname`,`lastname`,`email`,`password_hash`,`phone`) VALUES (91,"Shannon","Walker","ridiculus.mus.Donec@molestie.co.uk","OUW70AFR1GR",79478945136),(92,"Hayden","Olson","magnis.dis@Aenean.com","XJI58UAL7AC",79014561866),(93,"Hyacinth","Harding","accumsan.convallis@InfaucibusMorbi.ca","UQX16BXN3WJ",79668128391),(94,"Nissim","Weber","metus@nuncrisus.com","ZJX01ZTP0FW",79289624959),(95,"Hedda","Weaver","diam@loremvehiculaet.co.uk","JBO33SJS0IA",79436350806),(96,"Vladimir","Brock","Integer.tincidunt@a.com","RJB98CXI4ZT",79863635119),(97,"Fuller","Hancock","Donec@nec.co.uk","NCD93HNY1ZW",79372483306),(98,"Kylie","Barrera","adipiscing.non@est.co.uk","EEC24LBM7CY",79474426347),(99,"Lev","Gibson","convallis@ametmassaQuisque.com","SAQ24UTE7BS",79702484012),(100,"Jenna","Workman","cubilia@urnaVivamusmolestie.com","JGZ06ULL6ZO",79177596621);

-- Заполнение таблицы Profiles

INSERT INTO profiles (`user_id`,`gender`,`birthday`,`photo_id`,`created_at`,`hometown`) VALUES (1,'m','2000.03.23',1,'2018.01.24 8:38:05','Huntsville'),(2,'m','2012.06.06',2,'2015.03.17 15:17:58','Abilene'),(3,'m','1969.08.04',3,'2017.06.19 5:23:18','Lawndale'),(4,'m','2016.02.14',4,'2018.01.23 0:36:05','Winooski'),(5,'m','1989.11.30',5,'2018.06.21 3:20:58','Bowie'),(6,'m','2016.02.29',6,'2019.04.01 14:36:27','Guayama'),(7,'m','1967.12.22',7,'2017.04.12 21:48:27','Artesia'),(8,'f','1968.10.10',8,'2018.09.06 22:19:34','San Francisco'),(9,'f','1994.12.02',9,'2020.07.23 15:34:17','Watertown'),(10,'m','2012.08.15',10,'2015.04.08 6:59:32','Mequon');
INSERT INTO profiles (`user_id`,`gender`,`birthday`,`photo_id`,`created_at`,`hometown`) VALUES (11,'m','2015.09.05',11,'2019.11.10 6:22:42','Redding'),(12,'f','2014.03.02',12,'2019.09.19 9:20:11','Redding'),(13,'m','1982.05.27',13,'2020.11.26 19:19:05','Auburn'),(14,'f','1984.01.06',14,'2019.02.14 11:47:33','Waycross'),(15,'m','1966.12.16',15,'2017.03.18 16:31:17','Pasco'),(16,'m','2000.10.23',16,'2016.04.11 15:49:33','Montgomery'),(17,'m','2012.12.07',17,'2017.08.18 6:56:53','El Monte'),(18,'m','1992.11.09',18,'2020.01.03 0:59:19','Pascagoula'),(19,'m','1975.01.05',19,'2015.07.16 4:58:43','Charleston'),(20,'m','1977.03.28',20,'2020.04.05 21:13:30','Areceibo');
INSERT INTO profiles (`user_id`,`gender`,`birthday`,`photo_id`,`created_at`,`hometown`) VALUES (21,'f','1960.07.24',21,'2021.07.21 9:18:51','Lawrence'),(22,'f','2007.04.11',22,'2015.09.22 19:54:27','Vineland'),(23,'f','1973.11.07',23,'2021.04.11 16:23:01','Lahaina'),(24,'f','1969.06.10',24,'2017.09.15 23:46:04','San Gabriel'),(25,'f','2005.02.12',25,'2020.10.06 17:45:40','Rosemead'),(26,'m','1965.05.10',26,'2015.08.22 13:38:00','Elizabeth City'),(27,'m','2002.02.24',27,'2021.03.09 4:55:18','DeKalb'),(28,'f','1987.03.28',28,'2016.10.09 23:24:30','Amesbury'),(29,'f','1965.01.28',29,'2021.02.27 19:32:06','Blacksburg'),(30,'f','1960.11.11',30,'2020.11.28 23:16:59','Nanticoke');
INSERT INTO profiles (`user_id`,`gender`,`birthday`,`photo_id`,`created_at`,`hometown`) VALUES (31,'f','1998.08.02',31,'2020.01.10 18:58:50','Covington'),(32,'f','1985.04.25',32,'2016.04.02 18:35:23','Lawrence'),(33,'m','1966.10.16',33,'2020.06.22 15:30:28','Placentia'),(34,'m','2004.10.03',34,'2021.01.01 19:34:57','Brown Deer'),(35,'m','2014.11.18',35,'2018.07.13 19:33:16','Coos Bay'),(36,'m','2007.06.20',36,'2018.01.18 0:45:57','Boston'),(37,'m','1995.01.04',37,'2019.11.25 14:29:58','Parkersburg'),(38,'f','1980.06.28',38,'2015.10.26 14:02:53','St. George'),(39,'f','1961.09.03',39,'2018.08.11 4:44:35','Saint Louis'),(40,'m','1999.07.18',40,'2016.09.11 8:26:27','Aspen');
INSERT INTO profiles (`user_id`,`gender`,`birthday`,`photo_id`,`created_at`,`hometown`) VALUES (41,'m','1967.06.22',41,'2017.02.07 2:30:39','Kalamazoo'),(42,'f','1982.01.18',42,'2015.07.13 6:23:49','Canton'),(43,'m','1989.04.12',43,'2016.12.02 1:41:03','Butler'),(44,'m','1961.11.10',44,'2019.08.04 18:31:08','Saratoga Springs'),(45,'f','1968.08.07',45,'2016.09.05 15:23:20','Temple City'),(46,'f','2010.07.24',46,'2016.07.27 19:35:24','El Segundo'),(47,'f','2009.05.09',47,'2021.05.05 23:12:53','Madison'),(48,'m','1987.07.10',48,'2019.02.23 19:10:42','Burlington'),(49,'m','2014.10.01',49,'2016.11.10 6:48:37','Las Vegas'),(50,'m','2013.09.09',50,'2019.03.20 23:23:50','Crown Point');
INSERT INTO profiles (`user_id`,`gender`,`birthday`,`photo_id`,`created_at`,`hometown`) VALUES (51,'f','1996.01.28',51,'2015.10.06 13:56:16','Phenix City'),(52,'m','2010.07.27',52,'2016.11.16 3:47:51','Lakeland'),(53,'f','2009.02.28',53,'2019.06.26 22:43:02','Hidden Hills'),(54,'f','2021.06.09',54,'2020.09.27 10:28:56','Montebello'),(55,'m','1965.09.17',55,'2016.05.23 18:27:18','Anaconda'),(56,'m','1969.10.13',56,'2019.12.29 19:34:37','Corpus Christi'),(57,'m','1982.02.04',57,'2015.07.26 15:33:56','Manitowoc'),(58,'f','2013.09.17',58,'2016.03.30 0:02:27','Alhambra'),(59,'m','1963.09.21',59,'2018.01.26 18:57:48','Rensselaer'),(60,'f','1971.05.09',60,'2019.12.31 12:35:45','San Rafael');
INSERT INTO profiles (`user_id`,`gender`,`birthday`,`photo_id`,`created_at`,`hometown`) VALUES (61,'m','1972.10.13',61,'2016.08.26 20:34:49','Iowa City'),(62,'m','1971.09.21',62,'2016.07.25 16:33:03','San Fernando'),(63,'f','1965.11.14',63,'2019.12.26 9:39:27','Lahaina'),(64,'f','1979.05.05',64,'2016.08.06 19:46:29','Berkeley'),(65,'f','1979.02.06',65,'2020.07.28 15:41:43','New Castle'),(66,'m','1993.03.24',66,'2016.12.06 12:23:25','West Sacramento'),(67,'m','1971.04.03',67,'2017.04.01 13:59:34','Garden Grove'),(68,'f','1977.04.11',68,'2021.06.01 23:44:58','Mesa'),(69,'m','1976.02.13',69,'2019.10.22 6:03:16','Palm Springs'),(70,'m','1984.01.22',70,'2015.01.03 15:50:21','North Little Rock');
INSERT INTO profiles (`user_id`,`gender`,`birthday`,`photo_id`,`created_at`,`hometown`) VALUES (71,'f','1966.08.10',71,'2019.11.21 15:10:22','Yonkers'),(72,'f','1979.06.17',72,'2015.02.08 8:39:50','Reedsport'),(73,'m','2012.11.12',73,'2017.02.22 12:24:09','Saipan'),(74,'f','2001.01.10',74,'2019.10.09 5:50:09','Charlottesville'),(75,'f','2002.12.20',75,'2016.02.20 8:53:53','Hermosa Beach'),(76,'m','2013.02.04',76,'2016.11.24 19:52:12','Pittsburgh'),(77,'m','1965.11.05',77,'2016.06.05 14:20:23','North Charleston'),(78,'f','2009.12.30',78,'2018.03.18 11:27:58','Newburyport'),(79,'f','2008.09.11',79,'2015.05.19 6:21:10','Cape Girardeau'),(80,'m','1967.06.02',80,'2016.04.20 21:42:56','Syracuse');
INSERT INTO profiles (`user_id`,`gender`,`birthday`,`photo_id`,`created_at`,`hometown`) VALUES (81,'f','1994.06.25',81,'2018.01.22 9:38:21','Sanford'),(82,'m','2016.04.09',82,'2018.06.22 10:23:05','Springfield'),(83,'m','1996.03.21',83,'2015.03.07 12:16:10','Duquesne'),(84,'f','2020.10.19',84,'2016.12.15 19:02:48','Kansas City'),(85,'m','2005.12.02',85,'2017.07.25 1:37:27','Portland'),(86,'m','1970.03.24',86,'2015.02.09 9:29:17','Idaho Falls'),(87,'f','1991.01.04',87,'2019.03.27 1:40:24','Westminster'),(88,'m','2019.07.25',88,'2020.06.09 1:36:31','Laguna Hills'),(89,'m','2010.03.02',89,'2018.04.19 21:27:20','North Chicago'),(90,'m','2019.07.13',90,'2015.07.19 22:30:08','Monroe');
INSERT INTO profiles (`user_id`,`gender`,`birthday`,`photo_id`,`created_at`,`hometown`) VALUES (91,'f','1985.01.21',91,'2018.12.17 0:50:48','Benton Harbor'),(92,'f','1978.02.19',92,'2015.11.20 5:40:38','Simi Valley'),(93,'f','1977.06.24',93,'2015.04.05 20:18:40','Sandpoint'),(94,'f','1989.08.18',94,'2020.05.26 2:03:16','Lincoln'),(95,'f','1980.09.16',95,'2016.12.18 3:31:43','Thiensville'),(96,'m','2001.08.06',96,'2018.10.13 3:47:01','Del Rio'),(97,'m','1974.02.24',97,'2019.10.09 13:09:29','Springdale'),(98,'f','2003.05.29',98,'2016.11.02 14:30:03','Hot Springs'),(99,'m','1991.01.23',99,'2017.04.19 14:03:41','Kingston'),(100,'m','2008.11.28',100,'2015.03.25 8:00:06','West Hollywood');

-- Заполнение таблицы скидки

INSERT INTO discounts (id,name,discount_percent) VALUES (1,"ut,",13),(2,"lectus",26),(3,"risus,",28),(4,"Nunc",4),(5,"tortor",13),(6,"placerat.",14),(7,"lacus.",6),(8,"fermentum",2),(9,"ac",6),(10,"nulla.",20);
INSERT INTO discounts (id,name,discount_percent) VALUES (11,"ullamcorper,",27),(12,"eu",24),(13,"tristique",3),(14,"Nullam",14),(15,"Cum",27),(16,"rutrum,",6),(17,"euismod",16),(18,"neque",8),(19,"Donec",8),(20,"Aenean",2);
INSERT INTO discounts (id,name,discount_percent) VALUES (21,"ac,",13),(22,"enim.",27),(23,"malesuada",24),(24,"lorem",13),(25,"bibendum",30),(26,"ante",4),(27,"nisi",10),(28,"neque",29),(29,"auctor,",20),(30,"Duis",25);

-- Заполнение таблицы категория товаров

INSERT INTO product_category (id,name) VALUES (1,"ipsum leo"),(2,"Suspendisse"),(3,"amet"),(4,"Vivamus"),(5,"urna. Nullam"),(6,"eget ipsum."),(7,"eu,"),(8,"eros. Proin"),(9,"Integer eu"),(10,"blandit");

-- Заполнение таблицы товары

INSERT INTO products (id,name,category_id,price,discount_id) VALUES (1,"velit.",4,2198,10),(2,"est,",3,7522,12),(3,"nec",8,2845,14),(4,"sapien.",8,8328,14),(5,"Nunc",9,6635,5),(6,"neque",6,9191,13),(7,"montes,",10,3584,2),(8,"libero",9,8720,9),(9,"erat",4,7874,1),(10,"ac",6,3664,11);
INSERT INTO products (id,name,category_id,price,discount_id) VALUES (11,"orci,",7,1912,19),(12,"magna.",10,2293,12),(13,"Mauris",9,9958,13),(14,"In",5,8420,1),(15,"odio.",9,9460,7),(16,"lorem",9,3204,13),(17,"dapibus",6,3166,8),(18,"ultrices",9,3016,12),(19,"bibendum.",3,2753,17),(20,"lectus",10,8931,5);
INSERT INTO products (id,name,category_id,price,discount_id) VALUES (21,"orci",3,4020,10),(22,"In",4,5791,9),(23,"felis",5,4140,17),(24,"in,",9,9524,17),(25,"semper",3,5175,14),(26,"eget",2,1567,4),(27,"semper",7,8205,9),(28,"nisi",4,4198,7),(29,"malesuada",4,8905,5),(30,"suscipit",1,3728,4);
INSERT INTO products (id,name,category_id,price,discount_id) VALUES (31,"justo",3,9299,12),(32,"rhoncus.",1,1469,14),(33,"orci",6,2008,14),(34,"erat",5,1935,5),(35,"eu",5,8880,1),(36,"Proin",2,5780,18),(37,"consectetuer",1,4419,15),(38,"Nam",6,7938,7),(39,"amet",9,7647,11),(40,"diam.",3,3045,6);
INSERT INTO products (id,name,category_id,price,discount_id) VALUES (41,"sodales",8,4076,9),(42,"dui",2,9356,18),(43,"tempor",1,5925,13),(44,"lacus.",5,8943,18),(45,"Nunc",8,4581,16),(46,"iaculis",1,1793,4),(47,"vulputate",3,7786,14),(48,"erat",9,9158,11),(49,"tristique",3,8893,17),(50,"varius",10,4654,12);
INSERT INTO products (id,name,category_id,price,discount_id) VALUES (51,"egestas.",1,1017,13),(52,"Aliquam",6,1093,9),(53,"malesuada",2,2631,4),(54,"Lorem",2,4702,11),(55,"nascetur",10,1267,11),(56,"Mauris",7,1415,6),(57,"quam",2,9887,4),(58,"metus",10,5180,6),(59,"Sed",3,1862,1),(60,"ac",1,3309,11);
INSERT INTO products (id,name,category_id,price,discount_id) VALUES (61,"Curabitur",1,1100,7),(62,"Praesent",8,3200,2),(63,"elementum,",3,9293,1),(64,"feugiat.",9,2550,11),(65,"eu",6,6136,10),(66,"ultrices",1,1707,3),(67,"senectus",7,4684,11),(68,"gravida",10,6885,14),(69,"eu",6,9112,9),(70,"id,",8,3031,1);
INSERT INTO products (id,name,category_id,price,discount_id) VALUES (71,"enim.",5,7751,1),(72,"ante",9,6866,17),(73,"tortor",2,9478,10),(74,"eu,",7,1930,6),(75,"eleifend.",9,7634,7),(76,"nulla",6,4707,20),(77,"vel,",6,2666,7),(78,"sem.",1,6138,13),(79,"euismod",5,4491,16),(80,"massa.",6,4234,12);
INSERT INTO products (id,name,category_id,price,discount_id) VALUES (81,"iaculis",9,9425,12),(82,"Quisque",8,4663,4),(83,"molestie",8,5646,12),(84,"nisl",2,6924,14),(85,"accumsan",10,2884,10),(86,"sem",8,2435,11),(87,"lobortis",3,7956,9),(88,"Maecenas",5,8910,12),(89,"Phasellus",7,7848,14),(90,"vitae",1,5597,17);
INSERT INTO products (id,name,category_id,price,discount_id) VALUES (91,"habitant",4,2228,16),(92,"Donec",7,3219,13),(93,"imperdiet",9,6065,11),(94,"nec",10,3692,20),(95,"in",2,9925,1),(96,"rhoncus",2,4059,9),(97,"a",5,2608,14),(98,"nisl.",2,3885,16),(99,"habitant",6,6060,5),(100,"enim",1,9973,3);

-- Заполенние таблицы media_type

INSERT INTO media_types (id,name) VALUES (1,"photo"),(2,"video"),(3,"Nam"),(4,"feugiat."),(5,"Sed");

-- Заполнение таблицы media

INSERT INTO media (id,media_type_id,filename,metadata,created_at,updated_at) VALUES (1,2,"ultrices","amet lorem semper auctor. Mauris vel turpis.","2021-07-30 05:03:47","2021-05-30 18:44:46"),(2,1,"tellus.","luctus sit amet,","2021-11-30 10:36:23","2021-11-16 01:02:12"),(3,3,"cursus","mollis nec, cursus a,","2022-06-17 04:07:53","2021-08-16 10:57:25"),(4,5,"lorem","id nunc interdum","2020-09-13 23:20:58","2022-08-23 19:47:37"),(5,3,"erat,","pede et risus. Quisque","2022-02-20 12:33:52","2020-10-27 03:56:35"),(6,2,"vulputate,","quis diam luctus lobortis. Class aptent","2021-01-11 12:39:44","2021-01-26 21:57:49"),(7,4,"sociis","nisl arcu iaculis enim, sit amet","2021-05-02 03:26:36","2021-12-09 21:19:29"),(8,2,"est","Vivamus nisi. Mauris","2021-02-06 04:31:26","2022-02-07 18:55:48"),(9,4,"eu","Vivamus non lorem vitae odio","2021-08-02 02:14:44","2021-05-08 07:46:38"),(10,5,"sed","molestie arcu. Sed","2021-09-09 05:29:55","2020-10-27 16:48:31");
INSERT INTO media (id,media_type_id,filename,metadata,created_at,updated_at) VALUES (11,4,"per","sodales elit erat vitae risus. Duis","2021-10-28 17:42:15","2021-12-24 14:13:22"),(12,1,"vehicula.","vitae, sodales at, velit. Pellentesque","2022-01-17 02:40:35","2021-05-04 04:00:10"),(13,2,"placerat","sit amet risus. Donec egestas. Aliquam nec","2022-03-11 20:36:53","2021-01-10 14:38:47"),(14,2,"Mauris","elit elit fermentum risus, at fringilla","2021-01-17 15:35:25","2022-03-08 13:06:22"),(15,5,"libero.","Cras pellentesque. Sed dictum. Proin","2020-10-22 13:48:35","2020-11-12 21:37:42"),(16,4,"tellus","pretium et, rutrum","2020-09-16 01:12:23","2022-06-09 11:31:58"),(17,2,"sem,","dapibus ligula. Aliquam","2022-02-07 05:19:57","2021-10-25 00:48:21"),(18,4,"ut","metus. Aenean sed pede nec ante","2022-04-26 07:00:33","2022-02-02 10:14:08"),(19,5,"laoreet,","erat, eget tincidunt","2020-10-22 08:57:28","2022-05-10 14:14:41"),(20,1,"lorem","Nullam scelerisque neque sed sem","2021-02-13 05:03:53","2020-09-06 09:57:15");
INSERT INTO media (id,media_type_id,filename,metadata,created_at,updated_at) VALUES (21,2,"in","eu erat semper","2021-10-21 18:16:21","2022-03-20 07:46:56"),(22,5,"Integer","magnis dis parturient montes, nascetur ridiculus","2020-09-03 06:20:12","2020-08-26 04:21:47"),(23,5,"at,","augue ut lacus. Nulla tincidunt, neque vitae","2021-09-02 13:08:07","2021-03-02 02:06:48"),(24,2,"enim","magna et ipsum cursus vestibulum.","2022-06-10 06:40:48","2021-01-02 01:47:44"),(25,5,"ornare","dictum placerat, augue. Sed molestie. Sed","2021-03-26 01:02:42","2022-03-19 03:24:16"),(26,1,"eu","a, arcu. Sed et libero. Proin","2020-09-02 23:38:39","2022-04-11 12:51:21"),(27,4,"netus","dictum ultricies ligula. Nullam enim. Sed","2021-05-10 06:55:49","2020-09-29 02:18:18"),(28,5,"non","adipiscing elit. Aliquam","2021-05-23 18:52:53","2020-09-14 20:57:17"),(29,1,"eu","ultricies ornare, elit","2021-12-30 14:55:45","2022-03-18 07:25:37"),(30,2,"mattis.","sed consequat auctor, nunc nulla vulputate dui,","2021-07-20 08:36:01","2022-06-28 13:46:09");
INSERT INTO media (id,media_type_id,filename,metadata,created_at,updated_at) VALUES (31,1,"libero.","tempor diam dictum sapien. Aenean massa. Integer","2021-06-29 06:58:38","2021-05-31 06:11:48"),(32,3,"ultrices","convallis in, cursus et, eros.","2021-07-20 03:47:06","2020-11-14 18:47:50"),(33,3,"eu","torquent per conubia nostra, per inceptos","2022-05-07 23:58:19","2022-08-20 15:12:08"),(34,2,"enim","fermentum convallis ligula. Donec luctus aliquet","2020-08-27 03:09:11","2021-09-12 08:00:19"),(35,3,"at","faucibus. Morbi vehicula. Pellentesque tincidunt tempus risus.","2021-02-09 23:58:29","2022-06-21 03:46:52"),(36,4,"ut,","augue ut lacus. Nulla tincidunt, neque","2022-06-28 06:47:30","2022-07-17 12:12:40"),(37,2,"ornare.","hendrerit consectetuer, cursus et,","2021-10-09 18:49:18","2021-09-05 14:04:59"),(38,5,"morbi","vel lectus. Cum sociis","2022-05-12 05:45:07","2022-08-01 23:50:52"),(39,2,"nisl","eu odio tristique","2021-05-03 10:03:29","2020-09-20 18:08:07"),(40,5,"lorem.","lorem, vehicula et, rutrum eu, ultrices sit","2021-03-21 03:53:17","2021-05-19 23:23:07");
INSERT INTO media (id,media_type_id,filename,metadata,created_at,updated_at) VALUES (41,4,"velit.","mauris sit amet lorem semper auctor.","2022-06-01 22:06:39","2022-01-02 10:02:17"),(42,2,"imperdiet","risus. In mi pede, nonummy ut,","2021-03-27 21:16:51","2021-04-01 04:42:22"),(43,4,"placerat.","Aliquam vulputate ullamcorper magna. Sed eu","2022-05-31 01:09:12","2022-07-07 23:59:38"),(44,2,"placerat","nonummy ipsum non arcu. Vivamus","2021-10-01 19:43:07","2021-05-02 18:58:34"),(45,1,"orci.","Integer urna. Vivamus molestie","2020-10-29 10:02:55","2022-06-27 21:55:18"),(46,2,"mattis.","ut eros non enim commodo hendrerit. Donec","2021-06-17 18:35:27","2022-01-19 07:02:49"),(47,2,"purus.","nec, leo. Morbi neque tellus, imperdiet","2022-07-18 17:35:27","2021-02-13 08:39:35"),(48,5,"neque.","enim. Etiam imperdiet dictum magna.","2020-11-18 01:48:57","2021-04-10 19:41:43"),(49,2,"vitae","penatibus et magnis dis parturient montes,","2022-07-11 13:02:53","2022-07-25 02:57:04"),(50,5,"vehicula","tempus risus. Donec egestas. Duis","2020-12-22 13:31:50","2020-10-13 15:37:46");
INSERT INTO media (id,media_type_id,filename,metadata,created_at,updated_at) VALUES (51,4,"parturient","placerat, orci lacus vestibulum lorem, sit","2022-08-21 08:52:35","2022-07-14 05:38:16"),(52,4,"ipsum.","primis in faucibus orci luctus et ultrices","2021-11-19 10:39:53","2022-08-05 13:12:29"),(53,5,"luctus,","vel, vulputate eu,","2021-08-26 01:51:39","2022-06-09 07:43:12"),(54,5,"Nam","auctor vitae, aliquet","2022-02-19 02:18:18","2020-11-27 00:45:28"),(55,3,"Integer","neque. Nullam ut nisi","2022-05-26 04:13:53","2021-07-16 01:16:41"),(56,1,"Pellentesque","ultrices, mauris ipsum porta","2022-07-07 09:09:40","2021-02-01 16:10:04"),(57,1,"euismod","est ac facilisis facilisis, magna tellus","2021-05-05 01:52:01","2020-10-29 09:34:29"),(58,1,"posuere","fermentum arcu. Vestibulum","2022-05-24 00:51:29","2021-04-30 10:03:41"),(59,2,"eu","Proin velit. Sed","2021-02-20 14:10:10","2022-07-26 04:25:02"),(60,2,"elementum","Vivamus euismod urna.","2021-04-08 02:50:08","2021-12-06 19:37:03");
INSERT INTO media (id,media_type_id,filename,metadata,created_at,updated_at) VALUES (61,1,"Etiam","interdum. Nunc sollicitudin commodo ipsum.","2022-04-12 14:13:00","2021-01-09 09:37:51"),(62,4,"quis,","Integer aliquam adipiscing lacus. Ut nec urna","2021-12-12 05:33:06","2021-01-04 03:21:07"),(63,2,"fermentum","arcu ac orci. Ut semper pretium neque.","2020-09-13 07:39:25","2021-04-02 21:01:37"),(64,3,"dapibus","vulputate velit eu sem. Pellentesque ut ipsum","2021-04-15 02:48:40","2021-05-04 16:20:59"),(65,3,"tortor.","commodo auctor velit. Aliquam nisl.","2021-12-09 03:41:14","2022-08-07 22:06:04"),(66,3,"eros.","dolor. Donec fringilla. Donec feugiat metus sit","2020-09-22 00:19:26","2022-04-04 03:07:53"),(67,5,"Sed","nec tempus scelerisque, lorem ipsum","2022-05-07 07:12:09","2022-06-08 23:27:05"),(68,2,"laoreet","et netus et malesuada","2021-03-22 21:18:31","2021-10-03 04:42:18"),(69,3,"at","adipiscing elit. Curabitur sed tortor. Integer aliquam","2022-06-16 16:54:42","2022-06-25 06:35:39"),(70,5,"iaculis","Proin vel arcu eu odio tristique","2020-09-08 08:44:10","2021-05-22 14:24:48");
INSERT INTO media (id,media_type_id,filename,metadata,created_at,updated_at) VALUES (71,2,"tempus","justo sit amet","2020-09-10 08:58:15","2021-05-04 09:22:28"),(72,1,"Integer","sed tortor. Integer aliquam adipiscing lacus.","2021-12-30 02:56:39","2020-11-19 20:33:50"),(73,2,"Aenean","nulla ante, iaculis nec, eleifend non,","2022-01-17 06:37:06","2020-08-30 03:37:33"),(74,1,"litora","purus mauris a nunc. In","2021-08-26 15:00:10","2022-01-21 21:40:42"),(75,2,"a","metus. Aliquam erat volutpat.","2022-08-17 13:42:57","2020-10-19 07:02:41"),(76,1,"et,","pede. Nunc sed orci lobortis augue","2021-11-15 06:30:34","2022-08-16 05:16:03"),(77,3,"Cras","eu odio tristique pharetra. Quisque ac","2021-03-17 13:47:27","2020-12-13 11:12:09"),(78,5,"tempor","dignissim tempor arcu. Vestibulum ut","2021-05-03 02:15:38","2021-06-30 08:38:42"),(79,1,"velit.","aliquam eu, accumsan","2021-07-05 11:29:02","2021-11-01 01:04:06"),(80,2,"in,","consequat auctor, nunc nulla","2021-06-18 18:21:48","2022-07-19 05:02:16");
INSERT INTO media (id,media_type_id,filename,metadata,created_at,updated_at) VALUES (81,3,"pede,","Vivamus non lorem vitae odio","2022-02-12 22:22:48","2021-07-27 23:48:19"),(82,3,"eu","Aenean euismod mauris eu","2021-01-03 23:45:41","2022-02-28 18:53:29"),(83,3,"justo.","non quam. Pellentesque","2021-04-09 02:12:53","2021-05-21 12:16:49"),(84,5,"porttitor","interdum. Nunc sollicitudin","2022-06-14 07:44:23","2020-12-21 03:14:04"),(85,2,"Quisque","consequat, lectus sit amet luctus","2021-09-06 12:40:12","2021-12-26 01:45:12"),(86,2,"Quisque","ut quam vel sapien imperdiet ornare.","2020-11-26 06:57:02","2021-04-30 03:09:18"),(87,2,"turpis.","tempus non, lacinia at, iaculis quis,","2022-07-06 16:12:25","2020-10-01 12:18:02"),(88,4,"a,","velit eu sem. Pellentesque ut ipsum ac","2022-01-23 10:53:23","2021-12-23 13:30:29"),(89,4,"dolor","augue ut lacus. Nulla tincidunt,","2021-02-19 00:41:01","2021-01-04 03:22:25"),(90,4,"felis","malesuada fringilla est. Mauris eu turpis. Nulla","2020-11-10 21:29:53","2020-08-28 07:11:28");
INSERT INTO media (id,media_type_id,filename,metadata,created_at,updated_at) VALUES (91,5,"penatibus","amet orci. Ut sagittis lobortis","2021-05-12 07:43:11","2021-07-16 22:29:23"),(92,4,"Pellentesque","suscipit, est ac facilisis facilisis,","2021-08-28 21:49:05","2022-04-14 06:31:05"),(93,2,"vitae","enim. Curabitur massa.","2021-09-03 03:08:53","2021-12-09 02:19:21"),(94,3,"Mauris","non sapien molestie","2021-05-10 09:27:58","2021-04-26 02:33:44"),(95,4,"tortor.","in magna. Phasellus","2020-12-19 18:29:34","2021-07-02 05:54:22"),(96,3,"vitae","ultrices a, auctor non,","2022-08-08 23:54:27","2021-08-19 18:37:14"),(97,5,"vel,","Quisque porttitor eros","2022-07-28 18:57:06","2022-07-20 02:38:10"),(98,5,"semper.","volutpat ornare, facilisis eget, ipsum. Donec sollicitudin","2021-12-22 05:45:01","2022-04-11 09:02:47"),(99,5,"sem.","dolor sit amet, consectetuer adipiscing elit.","2022-05-14 11:38:21","2022-04-05 19:12:34"),(100,2,"tincidunt","habitant morbi tristique senectus","2021-07-20 07:36:08","2021-02-22 06:15:11");

-- Заполнение таблицы reviews

INSERT INTO reviews (id,product_id,body) VALUES (1,13,"accumsan sed, facilisis vitae, orci. Phasellus dapibus quam quis diam."),(2,73,"blandit enim consequat purus. Maecenas libero est, congue a, aliquet vel, vulputate eu, odio. Phasellus at augue id ante"),(3,58,"metus. Vivamus euismod urna. Nullam lobortis quam a felis ullamcorper"),(4,74,"ullamcorper. Duis cursus, diam at pretium aliquet, metus urna convallis erat, eget tincidunt dui augue eu tellus. Phasellus elit"),(5,30,"convallis, ante lectus convallis est, vitae sodales nisi magna sed dui. Fusce aliquam, enim"),(6,78,"Nam tempor diam dictum sapien. Aenean massa. Integer vitae nibh. Donec est mauris,"),(7,100,"amet ornare lectus justo eu arcu. Morbi sit amet massa. Quisque porttitor eros"),(8,65,"ridiculus mus. Proin vel nisl. Quisque fringilla euismod enim. Etiam gravida molestie arcu. Sed eu nibh vulputate mauris sagittis placerat."),(9,80,"Class aptent taciti sociosqu ad litora torquent per conubia nostra, per inceptos hymenaeos. Mauris ut quam vel sapien imperdiet"),(10,59,"arcu. Nunc mauris. Morbi non sapien molestie orci tincidunt adipiscing.");
INSERT INTO reviews (id,product_id,body) VALUES (11,4,"diam eu dolor egestas rhoncus. Proin nisl sem, consequat nec, mollis vitae, posuere at, velit."),(12,33,"Vestibulum ante ipsum primis in faucibus orci luctus et ultrices posuere cubilia Curae; Donec tincidunt. Donec"),(13,37,"gravida molestie arcu. Sed eu nibh vulputate mauris sagittis placerat. Cras dictum ultricies ligula. Nullam enim."),(14,21,"malesuada fringilla est. Mauris eu turpis. Nulla aliquet. Proin velit. Sed malesuada augue ut lacus. Nulla"),(15,58,"eu odio tristique pharetra. Quisque ac libero nec ligula consectetuer rhoncus. Nullam velit dui, semper et, lacinia vitae, sodales at,"),(16,31,"quis urna. Nunc quis arcu vel quam dignissim pharetra. Nam ac nulla. In tincidunt congue turpis. In condimentum. Donec"),(17,55,"justo. Proin non massa non ante bibendum ullamcorper. Duis cursus, diam at"),(18,62,"urna et arcu imperdiet ullamcorper. Duis at lacus. Quisque purus sapien, gravida non, sollicitudin"),(19,38,"et, eros. Proin ultrices. Duis volutpat nunc sit amet metus. Aliquam erat volutpat. Nulla facilisis. Suspendisse commodo tincidunt"),(20,9,"Suspendisse eleifend. Cras sed leo. Cras vehicula aliquet libero. Integer in magna. Phasellus dolor elit, pellentesque");
INSERT INTO reviews (id,product_id,body) VALUES (21,33,"risus. Quisque libero lacus, varius et, euismod et, commodo at, libero. Morbi accumsan laoreet ipsum. Curabitur consequat, lectus"),(22,73,"eu neque pellentesque massa lobortis ultrices. Vivamus rhoncus. Donec est. Nunc ullamcorper, velit in aliquet lobortis, nisi nibh lacinia orci,"),(23,20,"sit amet orci. Ut sagittis lobortis mauris. Suspendisse aliquet molestie tellus. Aenean egestas hendrerit neque. In ornare sagittis felis."),(24,40,"urna. Nunc quis arcu vel quam dignissim pharetra. Nam ac nulla. In tincidunt congue"),(25,48,"eleifend, nunc risus varius orci, in consequat enim diam vel arcu. Curabitur"),(26,33,"sagittis placerat. Cras dictum ultricies ligula. Nullam enim. Sed nulla ante, iaculis nec, eleifend non, dapibus rutrum, justo. Praesent"),(27,22,"sollicitudin orci sem eget massa. Suspendisse eleifend. Cras sed leo. Cras vehicula aliquet libero. Integer in magna. Phasellus"),(28,28,"fringilla est. Mauris eu turpis. Nulla aliquet. Proin velit. Sed malesuada augue ut lacus. Nulla"),(29,23,"Vestibulum ut eros non enim commodo hendrerit. Donec porttitor tellus non magna. Nam ligula"),(30,64,"arcu. Morbi sit amet massa. Quisque porttitor eros nec tellus. Nunc lectus");
INSERT INTO reviews (id,product_id,body) VALUES (31,46,"bibendum sed, est. Nunc laoreet lectus quis massa. Mauris vestibulum, neque sed dictum eleifend, nunc risus varius"),(32,23,"tristique pellentesque, tellus sem mollis dui, in sodales elit erat vitae risus. Duis a"),(33,89,"magna, malesuada vel, convallis in, cursus et, eros. Proin ultrices. Duis"),(34,41,"sed, facilisis vitae, orci. Phasellus dapibus quam quis diam. Pellentesque habitant morbi tristique senectus et"),(35,90,"tempor diam dictum sapien. Aenean massa. Integer vitae nibh. Donec est mauris, rhoncus id, mollis nec, cursus"),(36,96,"et magnis dis parturient montes, nascetur ridiculus mus. Proin vel nisl. Quisque fringilla euismod"),(37,28,"sem molestie sodales. Mauris blandit enim consequat purus. Maecenas libero est, congue a, aliquet vel, vulputate"),(38,52,"semper pretium neque. Morbi quis urna. Nunc quis arcu vel quam dignissim pharetra. Nam ac nulla. In tincidunt"),(39,14,"Donec porttitor tellus non magna. Nam ligula elit, pretium et, rutrum non, hendrerit id, ante. Nunc mauris"),(40,83,"pede ac urna. Ut tincidunt vehicula risus. Nulla eget metus eu erat semper rutrum. Fusce dolor quam, elementum at,");
INSERT INTO reviews (id,product_id,body) VALUES (41,73,"porttitor tellus non magna. Nam ligula elit, pretium et, rutrum"),(42,64,"mauris eu elit. Nulla facilisi. Sed neque. Sed eget lacus. Mauris non dui nec urna suscipit nonummy. Fusce fermentum fermentum"),(43,57,"Nullam velit dui, semper et, lacinia vitae, sodales at, velit. Pellentesque ultricies dignissim"),(44,98,"volutpat. Nulla facilisis. Suspendisse commodo tincidunt nibh. Phasellus nulla. Integer vulputate, risus a ultricies adipiscing, enim mi"),(45,36,"Donec est. Nunc ullamcorper, velit in aliquet lobortis, nisi nibh lacinia orci,"),(46,40,"blandit enim consequat purus. Maecenas libero est, congue a, aliquet vel, vulputate eu, odio. Phasellus at augue id ante"),(47,49,"vulputate eu, odio. Phasellus at augue id ante dictum cursus. Nunc mauris elit, dictum eu, eleifend nec, malesuada ut, sem."),(48,47,"arcu iaculis enim, sit amet ornare lectus justo eu arcu."),(49,42,"justo. Proin non massa non ante bibendum ullamcorper. Duis cursus,"),(50,90,"nec orci. Donec nibh. Quisque nonummy ipsum non arcu. Vivamus sit amet risus.");
INSERT INTO reviews (id,product_id,body) VALUES (51,55,"facilisis vitae, orci. Phasellus dapibus quam quis diam. Pellentesque habitant morbi tristique"),(52,3,"Nunc laoreet lectus quis massa. Mauris vestibulum, neque sed dictum eleifend, nunc risus varius orci,"),(53,67,"augue, eu tempor erat neque non quam. Pellentesque habitant morbi tristique senectus et netus et malesuada fames ac"),(54,24,"Donec tempor, est ac mattis semper, dui lectus rutrum urna, nec luctus felis purus"),(55,53,"consequat dolor vitae dolor. Donec fringilla. Donec feugiat metus sit amet"),(56,65,"amet metus. Aliquam erat volutpat. Nulla facilisis. Suspendisse commodo tincidunt nibh. Phasellus"),(57,1,"purus. Nullam scelerisque neque sed sem egestas blandit. Nam nulla magna, malesuada vel, convallis"),(58,27,"congue turpis. In condimentum. Donec at arcu. Vestibulum ante ipsum"),(59,11,"Nam ac nulla. In tincidunt congue turpis. In condimentum. Donec at arcu. Vestibulum ante ipsum primis"),(60,8,"per conubia nostra, per inceptos hymenaeos. Mauris ut quam vel sapien imperdiet ornare.");
INSERT INTO reviews (id,product_id,body) VALUES (61,36,"eget, dictum placerat, augue. Sed molestie. Sed id risus quis diam luctus lobortis. Class aptent taciti sociosqu ad"),(62,61,"diam. Duis mi enim, condimentum eget, volutpat ornare, facilisis eget, ipsum. Donec sollicitudin adipiscing"),(63,76,"et, euismod et, commodo at, libero. Morbi accumsan laoreet ipsum. Curabitur consequat, lectus sit amet luctus"),(64,6,"non magna. Nam ligula elit, pretium et, rutrum non, hendrerit id, ante. Nunc mauris sapien, cursus in, hendrerit consectetuer, cursus"),(65,82,"mauris sit amet lorem semper auctor. Mauris vel turpis. Aliquam adipiscing lobortis risus. In mi"),(66,24,"Pellentesque tincidunt tempus risus. Donec egestas. Duis ac arcu. Nunc mauris. Morbi non sapien molestie orci tincidunt adipiscing."),(67,17,"eleifend egestas. Sed pharetra, felis eget varius ultrices, mauris ipsum"),(68,60,"Donec consectetuer mauris id sapien. Cras dolor dolor, tempus non, lacinia"),(69,74,"vitae odio sagittis semper. Nam tempor diam dictum sapien. Aenean massa. Integer vitae nibh. Donec est mauris, rhoncus"),(70,31,"semper auctor. Mauris vel turpis. Aliquam adipiscing lobortis risus. In mi pede, nonummy ut,");
INSERT INTO reviews (id,product_id,body) VALUES (71,6,"mollis dui, in sodales elit erat vitae risus. Duis a mi fringilla mi lacinia mattis. Integer"),(72,1,"pede. Suspendisse dui. Fusce diam nunc, ullamcorper eu, euismod ac, fermentum vel, mauris. Integer"),(73,99,"et ultrices posuere cubilia Curae; Phasellus ornare. Fusce mollis. Duis sit amet diam eu dolor egestas rhoncus. Proin nisl sem,"),(74,42,"tellus id nunc interdum feugiat. Sed nec metus facilisis lorem tristique aliquet. Phasellus fermentum convallis"),(75,88,"eu tellus eu augue porttitor interdum. Sed auctor odio a"),(76,79,"Duis gravida. Praesent eu nulla at sem molestie sodales. Mauris blandit enim consequat purus."),(77,29,"arcu. Sed eu nibh vulputate mauris sagittis placerat. Cras dictum ultricies ligula. Nullam enim. Sed"),(78,58,"arcu. Morbi sit amet massa. Quisque porttitor eros nec tellus. Nunc lectus pede, ultrices a, auctor non, feugiat nec,"),(79,57,"montes, nascetur ridiculus mus. Donec dignissim magna a tortor. Nunc commodo auctor velit."),(80,91,"gravida molestie arcu. Sed eu nibh vulputate mauris sagittis placerat. Cras dictum ultricies ligula. Nullam");
INSERT INTO reviews (id,product_id,body) VALUES (81,9,"vel, venenatis vel, faucibus id, libero. Donec consectetuer mauris id sapien. Cras dolor dolor, tempus non,"),(82,69,"dui quis accumsan convallis, ante lectus convallis est, vitae sodales nisi magna sed dui. Fusce"),(83,47,"neque. Morbi quis urna. Nunc quis arcu vel quam dignissim pharetra."),(84,75,"Nulla eget metus eu erat semper rutrum. Fusce dolor quam, elementum at, egestas a,"),(85,25,"arcu. Curabitur ut odio vel est tempor bibendum. Donec felis"),(86,1,"gravida. Aliquam tincidunt, nunc ac mattis ornare, lectus ante dictum mi, ac mattis velit justo"),(87,27,"Nulla aliquet. Proin velit. Sed malesuada augue ut lacus. Nulla tincidunt, neque vitae semper egestas, urna justo faucibus lectus, a"),(88,50,"vel sapien imperdiet ornare. In faucibus. Morbi vehicula. Pellentesque tincidunt tempus risus. Donec egestas. Duis ac arcu. Nunc"),(89,50,"In mi pede, nonummy ut, molestie in, tempus eu, ligula. Aenean euismod mauris"),(90,87,"elit pede, malesuada vel, venenatis vel, faucibus id, libero. Donec consectetuer mauris id sapien. Cras dolor dolor, tempus non, lacinia");
INSERT INTO reviews (id,product_id,body) VALUES (91,7,"lacus vestibulum lorem, sit amet ultricies sem magna nec quam. Curabitur vel lectus. Cum sociis natoque penatibus et"),(92,53,"diam. Duis mi enim, condimentum eget, volutpat ornare, facilisis eget,"),(93,43,"sem magna nec quam. Curabitur vel lectus. Cum sociis natoque penatibus et"),(94,47,"lorem semper auctor. Mauris vel turpis. Aliquam adipiscing lobortis risus. In mi pede, nonummy"),(95,84,"Quisque imperdiet, erat nonummy ultricies ornare, elit elit fermentum risus, at fringilla purus mauris a"),(96,46,"Quisque varius. Nam porttitor scelerisque neque. Nullam nisl. Maecenas malesuada fringilla est. Mauris"),(97,53,"faucibus id, libero. Donec consectetuer mauris id sapien. Cras dolor dolor,"),(98,2,"mus. Proin vel nisl. Quisque fringilla euismod enim. Etiam gravida molestie"),(99,19,"dapibus id, blandit at, nisi. Cum sociis natoque penatibus et magnis dis parturient montes, nascetur ridiculus mus. Proin vel nisl."),(100,87,"sagittis placerat. Cras dictum ultricies ligula. Nullam enim. Sed nulla ante, iaculis nec, eleifend non,");

-- Заполняем таблицу likes

INSERT INTO likes (id,product_id) VALUES (1,44),(2,64),(3,37),(4,88),(5,4),(6,49),(7,7),(8,98),(9,27),(10,69);
INSERT INTO likes (id,product_id) VALUES (11,11),(12,34),(13,8),(14,27),(15,77),(16,57),(17,67),(18,41),(19,20),(20,49);
INSERT INTO likes (id,product_id) VALUES (21,60),(22,72),(23,8),(24,15),(25,37),(26,80),(27,19),(28,20),(29,54),(30,97);
INSERT INTO likes (id,product_id) VALUES (31,99),(32,40),(33,6),(34,24),(35,3),(36,52),(37,3),(38,44),(39,41),(40,46);
INSERT INTO likes (id,product_id) VALUES (41,79),(42,97),(43,64),(44,72),(45,53),(46,21),(47,83),(48,64),(49,80),(50,57);
INSERT INTO likes (id,product_id) VALUES (51,61),(52,6),(53,4),(54,62),(55,49),(56,68),(57,11),(58,99),(59,44),(60,39);
INSERT INTO likes (id,product_id) VALUES (61,2),(62,79),(63,44),(64,72),(65,91),(66,76),(67,44),(68,100),(69,43),(70,70);
INSERT INTO likes (id,product_id) VALUES (71,20),(72,89),(73,45),(74,3),(75,79),(76,63),(77,33),(78,23),(79,95),(80,14);
INSERT INTO likes (id,product_id) VALUES (81,26),(82,34),(83,49),(84,57),(85,78),(86,8),(87,25),(88,18),(89,50),(90,25);
INSERT INTO likes (id,product_id) VALUES (91,16),(92,84),(93,98),(94,17),(95,90),(96,20),(97,74),(98,24),(99,84),(100,45);

-- Заполняем таблицу products_desc

INSERT INTO products_desc (product_id,description,media_id) VALUES (1,"sem, vitae aliquam eros turpis non enim. Mauris quis turpis vitae purus gravida sagittis.",75),(2,"sit amet, consectetuer adipiscing elit. Etiam laoreet, libero et tristique pellentesque, tellus",16),(3,"ipsum. Curabitur consequat, lectus sit amet luctus vulputate, nisi sem semper",72),(4,"auctor ullamcorper, nisl arcu iaculis enim, sit amet ornare lectus justo eu arcu.",50),(5,"augue id ante dictum cursus. Nunc mauris elit, dictum eu,",42),(6,"orci, in consequat enim diam vel arcu. Curabitur ut odio vel est tempor",100),(7,"cursus a, enim. Suspendisse aliquet, sem ut cursus luctus, ipsum leo elementum",42),(8,"lobortis. Class aptent taciti sociosqu ad litora torquent per conubia nostra, per",7),(9,"luctus vulputate, nisi sem semper erat, in consectetuer ipsum nunc id",37),(10,"Vivamus nisi. Mauris nulla. Integer urna. Vivamus molestie dapibus ligula. Aliquam erat volutpat.",26);
INSERT INTO products_desc (product_id,description,media_id) VALUES (11,"Sed neque. Sed eget lacus. Mauris non dui nec urna",75),(12,"gravida mauris ut mi. Duis risus odio, auctor vitae, aliquet nec, imperdiet",44),(13,"Proin eget odio. Aliquam vulputate ullamcorper magna. Sed eu eros.",68),(14,"ac urna. Ut tincidunt vehicula risus. Nulla eget metus eu erat",61),(15,"Ut sagittis lobortis mauris. Suspendisse aliquet molestie tellus. Aenean egestas hendrerit neque. In ornare sagittis",69),(16,"tincidunt orci quis lectus. Nullam suscipit, est ac facilisis facilisis,",33),(17,"vitae velit egestas lacinia. Sed congue, elit sed consequat auctor, nunc nulla",87),(18,"eu, odio. Phasellus at augue id ante dictum cursus. Nunc mauris",62),(19,"vel lectus. Cum sociis natoque penatibus et magnis dis parturient montes, nascetur",43),(20,"conubia nostra, per inceptos hymenaeos. Mauris ut quam vel sapien imperdiet",22);
INSERT INTO products_desc (product_id,description,media_id) VALUES (21,"congue a, aliquet vel, vulputate eu, odio. Phasellus at augue id ante dictum cursus.",97),(22,"non massa non ante bibendum ullamcorper. Duis cursus, diam at pretium aliquet, metus urna",50),(23,"turpis vitae purus gravida sagittis. Duis gravida. Praesent eu nulla at sem molestie sodales.",45),(24,"nisi. Mauris nulla. Integer urna. Vivamus molestie dapibus ligula. Aliquam erat volutpat. Nulla dignissim.",8),(25,"vel, faucibus id, libero. Donec consectetuer mauris id sapien. Cras dolor dolor, tempus non,",83),(26,"quam, elementum at, egestas a, scelerisque sed, sapien. Nunc pulvinar arcu",45),(27,"elit fermentum risus, at fringilla purus mauris a nunc. In at pede.",24),(28,"et, rutrum eu, ultrices sit amet, risus. Donec nibh enim, gravida sit amet, dapibus",65),(29,"nulla. In tincidunt congue turpis. In condimentum. Donec at arcu.",76),(30,"sodales at, velit. Pellentesque ultricies dignissim lacus. Aliquam rutrum lorem ac",99);
INSERT INTO products_desc (product_id,description,media_id) VALUES (31,"lorem, vehicula et, rutrum eu, ultrices sit amet, risus. Donec nibh enim, gravida sit amet,",6),(32,"nunc est, mollis non, cursus non, egestas a, dui. Cras",43),(33,"at risus. Nunc ac sem ut dolor dapibus gravida. Aliquam tincidunt, nunc ac",91),(34,"fringilla, porttitor vulputate, posuere vulputate, lacus. Cras interdum. Nunc sollicitudin commodo ipsum.",82),(35,"lectus quis massa. Mauris vestibulum, neque sed dictum eleifend, nunc risus varius orci,",68),(36,"aliquam, enim nec tempus scelerisque, lorem ipsum sodales purus, in molestie",25),(37,"enim. Suspendisse aliquet, sem ut cursus luctus, ipsum leo elementum sem, vitae aliquam eros turpis",73),(38,"nunc sed libero. Proin sed turpis nec mauris blandit mattis. Cras",51),(39,"urna. Nunc quis arcu vel quam dignissim pharetra. Nam ac nulla. In",69),(40,"enim mi tempor lorem, eget mollis lectus pede et risus. Quisque libero lacus, varius et,",40);
INSERT INTO products_desc (product_id,description,media_id) VALUES (41,"justo. Praesent luctus. Curabitur egestas nunc sed libero. Proin sed turpis nec",53),(42,"consequat purus. Maecenas libero est, congue a, aliquet vel, vulputate eu, odio.",5),(43,"non, cursus non, egestas a, dui. Cras pellentesque. Sed dictum. Proin eget odio.",52),(44,"ipsum. Suspendisse non leo. Vivamus nibh dolor, nonummy ac, feugiat non, lobortis quis,",76),(45,"diam vel arcu. Curabitur ut odio vel est tempor bibendum. Donec",4),(46,"eget magna. Suspendisse tristique neque venenatis lacus. Etiam bibendum fermentum metus.",67),(47,"sodales purus, in molestie tortor nibh sit amet orci. Ut sagittis lobortis mauris.",41),(48,"dolor, nonummy ac, feugiat non, lobortis quis, pede. Suspendisse dui. Fusce diam nunc, ullamcorper",34),(49,"a mi fringilla mi lacinia mattis. Integer eu lacus. Quisque imperdiet, erat nonummy ultricies",33),(50,"cubilia Curae; Donec tincidunt. Donec vitae erat vel pede blandit congue. In scelerisque scelerisque",25);
INSERT INTO products_desc (product_id,description,media_id) VALUES (51,"neque. Nullam ut nisi a odio semper cursus. Integer mollis. Integer tincidunt aliquam arcu. Aliquam",42),(52,"turpis. Aliquam adipiscing lobortis risus. In mi pede, nonummy ut, molestie in, tempus",80),(53,"tincidunt congue turpis. In condimentum. Donec at arcu. Vestibulum ante ipsum",15),(54,"aliquam eros turpis non enim. Mauris quis turpis vitae purus gravida sagittis. Duis gravida.",88),(55,"sapien. Nunc pulvinar arcu et pede. Nunc sed orci lobortis augue",4),(56,"neque. Sed eget lacus. Mauris non dui nec urna suscipit",5),(57,"primis in faucibus orci luctus et ultrices posuere cubilia Curae; Donec tincidunt. Donec",31),(58,"Suspendisse sed dolor. Fusce mi lorem, vehicula et, rutrum eu, ultrices sit amet, risus. Donec",2),(59,"Integer sem elit, pharetra ut, pharetra sed, hendrerit a, arcu.",14),(60,"et, lacinia vitae, sodales at, velit. Pellentesque ultricies dignissim lacus. Aliquam rutrum",92);
INSERT INTO products_desc (product_id,description,media_id) VALUES (61,"dui nec urna suscipit nonummy. Fusce fermentum fermentum arcu. Vestibulum ante ipsum primis in",68),(62,"Quisque porttitor eros nec tellus. Nunc lectus pede, ultrices a, auctor non,",21),(63,"id, blandit at, nisi. Cum sociis natoque penatibus et magnis dis parturient montes,",37),(64,"vehicula et, rutrum eu, ultrices sit amet, risus. Donec nibh enim,",60),(65,"lorem, sit amet ultricies sem magna nec quam. Curabitur vel lectus. Cum",70),(66,"arcu. Vestibulum ante ipsum primis in faucibus orci luctus et ultrices posuere",84),(67,"eu dolor egestas rhoncus. Proin nisl sem, consequat nec, mollis vitae, posuere",40),(68,"mi lacinia mattis. Integer eu lacus. Quisque imperdiet, erat nonummy",79),(69,"laoreet lectus quis massa. Mauris vestibulum, neque sed dictum eleifend,",93),(70,"nec, leo. Morbi neque tellus, imperdiet non, vestibulum nec, euismod",22);
INSERT INTO products_desc (product_id,description,media_id) VALUES (71,"est. Mauris eu turpis. Nulla aliquet. Proin velit. Sed malesuada",79),(72,"Duis cursus, diam at pretium aliquet, metus urna convallis erat, eget tincidunt dui augue eu",38),(73,"Integer id magna et ipsum cursus vestibulum. Mauris magna. Duis dignissim",19),(74,"ornare, lectus ante dictum mi, ac mattis velit justo nec ante.",96),(75,"rutrum urna, nec luctus felis purus ac tellus. Suspendisse sed dolor. Fusce mi",58),(76,"et ultrices posuere cubilia Curae; Donec tincidunt. Donec vitae erat",35),(77,"Nullam nisl. Maecenas malesuada fringilla est. Mauris eu turpis. Nulla aliquet. Proin velit.",57),(78,"cursus. Integer mollis. Integer tincidunt aliquam arcu. Aliquam ultrices iaculis",54),(79,"dictum ultricies ligula. Nullam enim. Sed nulla ante, iaculis nec, eleifend non, dapibus rutrum,",62),(80,"nec tempus mauris erat eget ipsum. Suspendisse sagittis. Nullam vitae diam.",67);
INSERT INTO products_desc (product_id,description,media_id) VALUES (81,"purus. Nullam scelerisque neque sed sem egestas blandit. Nam nulla magna, malesuada vel, convallis",81),(82,"arcu. Vestibulum ante ipsum primis in faucibus orci luctus et ultrices posuere",92),(83,"mauris id sapien. Cras dolor dolor, tempus non, lacinia at, iaculis quis,",69),(84,"odio. Aliquam vulputate ullamcorper magna. Sed eu eros. Nam consequat dolor vitae dolor. Donec fringilla.",34),(85,"ridiculus mus. Donec dignissim magna a tortor. Nunc commodo auctor velit. Aliquam nisl. Nulla",66),(86,"tempus risus. Donec egestas. Duis ac arcu. Nunc mauris. Morbi non sapien molestie orci tincidunt",28),(87,"ut eros non enim commodo hendrerit. Donec porttitor tellus non magna.",38),(88,"sociis natoque penatibus et magnis dis parturient montes, nascetur ridiculus",98),(89,"erat, eget tincidunt dui augue eu tellus. Phasellus elit pede,",75),(90,"in consequat enim diam vel arcu. Curabitur ut odio vel",94);
INSERT INTO products_desc (product_id,description,media_id) VALUES (91,"quis diam. Pellentesque habitant morbi tristique senectus et netus et malesuada",96),(92,"ut nisi a odio semper cursus. Integer mollis. Integer tincidunt aliquam",53),(93,"lacinia at, iaculis quis, pede. Praesent eu dui. Cum sociis natoque penatibus",89),(94,"et pede. Nunc sed orci lobortis augue scelerisque mollis. Phasellus libero mauris, aliquam eu, accumsan",61),(95,"eget ipsum. Suspendisse sagittis. Nullam vitae diam. Proin dolor. Nulla semper tellus id",69),(96,"congue turpis. In condimentum. Donec at arcu. Vestibulum ante ipsum primis in",11),(97,"lacus. Quisque purus sapien, gravida non, sollicitudin a, malesuada id, erat.",33),(98,"In faucibus. Morbi vehicula. Pellentesque tincidunt tempus risus. Donec egestas. Duis ac",14),(99,"litora torquent per conubia nostra, per inceptos hymenaeos. Mauris ut quam",13),(100,"ante. Nunc mauris sapien, cursus in, hendrerit consectetuer, cursus et, magna. Praesent",88);

-- Заполняем таблицу orders

INSERT INTO orders (id,user_id,created_at,updated_at,status) VALUES (1,70,"2021-05-16 13:53:41","2022-06-03 07:59:35","created"),(2,9,"2021-01-08 00:40:19","2021-08-21 21:04:41","sent"),(3,8,"2022-06-30 19:26:40","2022-03-26 11:33:07","created"),(4,59,"2022-01-05 03:10:30","2020-11-01 18:57:58","processed"),(5,3,"2020-11-17 19:55:29","2021-06-10 16:39:33","created"),(6,9,"2022-02-08 08:06:34","2021-06-02 01:24:20","delivered"),(7,80,"2020-09-15 15:18:45","2021-07-20 11:41:13","delivered"),(8,37,"2022-03-26 17:02:22","2022-03-02 13:15:26","declined"),(9,89,"2020-09-22 18:37:06","2021-03-12 11:13:49","declined"),(10,96,"2021-03-04 00:53:17","2022-01-23 06:44:02","delivered");
INSERT INTO orders (id,user_id,created_at,updated_at,status) VALUES (11,95,"2021-12-14 11:28:03","2021-08-11 04:04:15","created"),(12,15,"2021-03-12 22:09:15","2021-07-31 12:45:15","processed"),(13,41,"2020-09-09 09:30:14","2022-06-05 12:08:43","delivered"),(14,89,"2021-10-04 12:16:13","2021-11-21 08:17:25","delivered"),(15,74,"2022-06-04 10:11:59","2020-12-31 13:38:59","delivered"),(16,71,"2022-07-01 16:10:14","2020-11-09 07:30:18","processed"),(17,63,"2021-09-11 15:59:32","2022-05-11 10:58:06","processed"),(18,68,"2021-12-31 06:46:05","2021-03-12 10:21:32","created"),(19,76,"2021-08-07 16:15:27","2021-12-01 13:13:35","delivered"),(20,98,"2021-11-19 03:16:54","2021-06-17 17:26:00","sent");
INSERT INTO orders (id,user_id,created_at,updated_at,status) VALUES (21,21,"2020-09-06 07:01:49","2021-12-19 00:30:34","delivered"),(22,28,"2021-02-18 14:20:30","2021-11-20 07:57:35","delivered"),(23,23,"2022-02-03 04:59:29","2020-11-09 22:27:30","processed"),(24,45,"2021-01-21 03:09:18","2022-01-08 19:32:16","created"),(25,35,"2021-10-19 15:29:06","2020-08-23 14:08:03","declined"),(26,58,"2020-10-26 12:26:03","2022-04-27 02:26:46","delivered"),(27,7,"2022-04-14 01:13:18","2020-10-04 02:55:46","processed"),(28,11,"2022-04-15 03:13:58","2021-09-30 13:34:30","processed"),(29,47,"2021-11-26 18:44:52","2022-03-27 08:00:39","sent"),(30,74,"2022-07-01 20:41:15","2021-03-22 13:48:22","processed");
INSERT INTO orders (id,user_id,created_at,updated_at,status) VALUES (31,78,"2022-07-06 10:42:53","2022-08-21 15:12:58","processed"),(32,23,"2022-03-22 01:09:15","2021-02-03 07:14:08","processed"),(33,75,"2022-01-18 23:03:08","2020-08-23 15:32:30","delivered"),(34,100,"2022-03-17 20:35:48","2020-08-31 02:15:00","delivered"),(35,39,"2022-07-31 00:00:32","2022-06-15 11:48:35","declined"),(36,83,"2021-10-20 07:07:58","2020-10-12 18:09:39","processed"),(37,1,"2021-02-16 16:04:06","2021-08-09 20:01:18","created"),(38,66,"2020-10-18 04:24:36","2020-12-24 05:14:29","created"),(39,39,"2020-12-04 13:22:26","2021-02-05 23:51:06","created"),(40,73,"2021-06-06 17:33:37","2020-11-07 23:14:45","delivered");
INSERT INTO orders (id,user_id,created_at,updated_at,status) VALUES (41,77,"2021-12-07 18:02:00","2022-06-08 17:00:56","declined"),(42,44,"2022-07-08 01:56:04","2021-06-07 12:03:38","sent"),(43,93,"2021-01-25 10:20:30","2022-01-04 03:28:33","created"),(44,27,"2022-04-10 13:55:25","2021-06-21 04:56:26","sent"),(45,22,"2022-07-01 06:01:09","2022-03-04 00:44:15","declined"),(46,26,"2021-09-14 04:02:25","2021-12-24 20:22:31","created"),(47,65,"2021-07-21 17:03:13","2021-08-26 20:51:24","processed"),(48,17,"2021-11-08 02:23:46","2022-06-04 10:57:33","processed"),(49,97,"2021-04-24 19:36:51","2020-12-28 11:43:53","sent"),(50,13,"2022-07-21 23:00:49","2021-07-05 02:49:58","processed");
INSERT INTO orders (id,user_id,created_at,updated_at,status) VALUES (51,9,"2021-08-21 14:07:30","2021-10-14 22:26:39","delivered"),(52,89,"2020-11-23 11:07:03","2022-07-25 10:44:37","processed"),(53,1,"2021-12-19 03:34:45","2021-05-05 18:04:09","declined"),(54,51,"2020-11-07 11:11:13","2021-09-25 12:35:33","processed"),(55,13,"2022-05-19 11:35:47","2020-10-12 00:44:02","delivered"),(56,66,"2021-01-02 16:56:36","2020-10-15 23:07:15","declined"),(57,43,"2020-12-16 22:45:37","2022-05-17 08:15:42","sent"),(58,74,"2022-06-13 18:21:01","2022-05-04 18:21:28","processed"),(59,69,"2021-04-26 15:33:23","2021-11-21 16:59:05","delivered"),(60,29,"2021-05-19 12:05:22","2022-07-11 12:42:30","declined");
INSERT INTO orders (id,user_id,created_at,updated_at,status) VALUES (61,48,"2022-08-13 15:17:40","2021-11-06 05:12:54","processed"),(62,95,"2022-04-01 02:51:36","2021-02-17 21:34:24","declined"),(63,31,"2021-01-08 06:23:43","2022-08-20 22:59:17","declined"),(64,97,"2022-06-15 05:20:51","2021-11-25 15:22:17","created"),(65,94,"2021-11-25 03:34:33","2020-12-12 01:41:10","processed"),(66,88,"2022-02-26 19:12:15","2020-09-23 18:09:01","processed"),(67,51,"2021-05-27 19:16:21","2020-10-23 08:16:39","delivered"),(68,7,"2022-08-10 18:50:03","2020-10-19 07:42:17","delivered"),(69,33,"2021-04-16 17:42:53","2021-01-30 11:58:47","declined"),(70,81,"2021-02-17 12:49:08","2022-01-07 08:57:41","delivered");
INSERT INTO orders (id,user_id,created_at,updated_at,status) VALUES (71,40,"2020-11-11 09:49:18","2020-12-25 12:53:30","processed"),(72,25,"2021-11-21 16:55:41","2022-05-02 03:11:47","delivered"),(73,94,"2022-06-27 06:56:58","2022-02-07 20:55:36","processed"),(74,28,"2022-08-01 01:41:52","2022-07-01 06:59:14","declined"),(75,3,"2022-08-19 15:37:07","2022-04-03 09:20:35","processed"),(76,20,"2021-01-02 14:00:00","2021-06-08 21:16:24","delivered"),(77,3,"2020-10-27 19:10:41","2022-08-04 10:09:48","processed"),(78,4,"2021-08-31 02:06:33","2021-03-01 22:48:05","sent"),(79,32,"2022-07-03 12:31:20","2020-12-21 20:53:44","delivered"),(80,14,"2020-11-28 16:22:24","2022-06-07 06:16:48","sent");
INSERT INTO orders (id,user_id,created_at,updated_at,status) VALUES (81,30,"2020-12-06 06:23:02","2020-08-24 14:41:52","delivered"),(82,36,"2020-09-08 20:33:37","2022-02-22 18:44:24","delivered"),(83,74,"2021-07-24 20:05:16","2021-08-19 07:32:55","declined"),(84,75,"2021-04-06 18:22:55","2021-03-08 15:25:34","created"),(85,26,"2021-02-15 06:13:03","2021-05-04 22:36:12","delivered"),(86,9,"2022-07-07 18:38:48","2022-07-06 10:30:26","declined"),(87,31,"2021-11-28 05:07:33","2021-07-14 05:27:52","delivered"),(88,73,"2021-02-28 20:14:54","2022-06-14 04:26:49","declined"),(89,24,"2021-04-28 10:04:21","2021-10-11 01:53:00","delivered"),(90,19,"2021-03-27 16:42:26","2022-03-01 00:04:34","sent");
INSERT INTO orders (id,user_id,created_at,updated_at,status) VALUES (91,58,"2020-10-23 09:32:01","2021-07-06 09:32:46","declined"),(92,28,"2021-04-02 10:14:54","2021-05-01 13:38:55","created"),(93,17,"2021-12-26 11:01:59","2021-04-23 05:04:21","sent"),(94,45,"2021-04-03 02:16:43","2022-04-07 02:24:47","declined"),(95,44,"2021-10-09 16:28:40","2022-06-26 11:57:22","declined"),(96,51,"2021-08-26 08:08:25","2021-04-08 10:44:42","delivered"),(97,28,"2021-01-17 15:44:40","2020-09-19 23:06:55","delivered"),(98,1,"2021-09-11 05:54:34","2022-06-28 17:34:37","processed"),(99,34,"2021-12-01 23:32:32","2021-05-09 00:50:21","declined"),(100,39,"2022-03-07 07:26:10","2021-10-13 21:35:46","created");

-- Заполняем таблицу order_products

INSERT INTO order_products (order_id,product_id) VALUES (52,40),(71,83),(97,53),(58,76),(65,45),(46,68),(79,37),(27,66),(57,84),(56,27);
INSERT INTO order_products (order_id,product_id) VALUES (9,86),(3,8),(81,99),(93,8),(100,50),(6,33),(82,22),(3,67),(96,100),(55,34);
INSERT INTO order_products (order_id,product_id) VALUES (57,30),(10,92),(66,79),(13,75),(17,90),(12,97),(60,35),(6,42),(17,70),(1,8);
INSERT INTO order_products (order_id,product_id) VALUES (45,89),(81,7),(39,20),(83,77),(8,54),(6,54),(69,58),(43,5),(46,3),(96,87);
INSERT INTO order_products (order_id,product_id) VALUES (35,60),(9,34),(51,27),(89,78),(69,92),(42,67),(9,9),(1,66),(5,49),(50,62);
INSERT INTO order_products (order_id,product_id) VALUES (44,1),(70,30),(3,95),(15,64),(11,87),(5,82),(5,31),(15,85),(1,60),(40,25);
INSERT INTO order_products (order_id,product_id) VALUES (4,76),(84,69),(97,28),(47,15),(2,67),(44,31),(73,3),(54,8),(61,25),(20,22);
INSERT INTO order_products (order_id,product_id) VALUES (76,16),(21,65),(88,72),(86,77),(81,22),(19,9),(9,8),(28,1),(9,31),(83,85);
INSERT INTO order_products (order_id,product_id) VALUES (57,38),(28,5),(59,17),(33,70),(15,46),(66,1),(9,24),(70,93),(53,83),(94,16);
INSERT INTO order_products (order_id,product_id) VALUES (10,4),(39,56),(59,75),(69,14),(96,55),(98,65),(64,93),(37,86),(5,30),(21,53);

